id,kode_provinsi,nama_provinsi,kode_kabupaten_kota,nama_kabupaten_kota,jenis_penyakit,jumlah_kasus,satuan,tahun
1,32,JAWA BARAT,3201,KABUPATEN BOGOR,DIFTERI,10,ORANG,2019
2,32,JAWA BARAT,3201,KABUPATEN BOGOR,PERTUSIS,5,ORANG,2019
3,32,JAWA BARAT,3201,KABUPATEN BOGOR,TETANUS NEONATORUM,0,ORANG,2019
4,32,JAWA BARAT,3201,KABUPATEN BOGOR,HEPATITIS B,0,ORANG,2019
5,32,JAWA BARAT,3201,KABUPATEN BOGOR,SUSPEK CAMPAK,5,ORANG,2019
6,32,JAWA BARAT,3202,KABUPATEN SUKABUMI,DIFTERI,28,ORANG,2019
7,32,JAWA BARAT,3202,KABUPATEN SUKABUMI,PERTUSIS,0,ORANG,2019
8,32,JAWA BARAT,3202,KABUPATEN SUKABUMI,TETANUS NEONATORUM,0,ORANG,2019
9,32,JAWA BARAT,3202,KABUPATEN SUKABUMI,HEPATITIS B,0,ORANG,2019
10,32,JAWA BARAT,3202,KABUPATEN SUKABUMI,SUSPEK CAMPAK,0,ORANG,2019
11,32,JAWA BARAT,3203,KABUPATEN CIANJUR,DIFTERI,0,ORANG,2019
12,32,JAWA BARAT,3203,KABUPATEN CIANJUR,PERTUSIS,0,ORANG,2019
13,32,JAWA BARAT,3203,KABUPATEN CIANJUR,TETANUS NEONATORUM,0,ORANG,2019
14,32,JAWA BARAT,3203,KABUPATEN CIANJUR,HEPATITIS B,0,ORANG,2019
15,32,JAWA BARAT,3203,KABUPATEN CIANJUR,SUSPEK CAMPAK,0,ORANG,2019
16,32,JAWA BARAT,3204,KABUPATEN BANDUNG,DIFTERI,7,ORANG,2019
17,32,JAWA BARAT,3204,KABUPATEN BANDUNG,PERTUSIS,0,ORANG,2019
18,32,JAWA BARAT,3204,KABUPATEN BANDUNG,TETANUS NEONATORUM,0,ORANG,2019
19,32,JAWA BARAT,3204,KABUPATEN BANDUNG,HEPATITIS B,0,ORANG,2019
20,32,JAWA BARAT,3204,KABUPATEN BANDUNG,SUSPEK CAMPAK,0,ORANG,2019
21,32,JAWA BARAT,3205,KABUPATEN GARUT,DIFTERI,0,ORANG,2019
22,32,JAWA BARAT,3205,KABUPATEN GARUT,PERTUSIS,0,ORANG,2019
23,32,JAWA BARAT,3205,KABUPATEN GARUT,TETANUS NEONATORUM,0,ORANG,2019
24,32,JAWA BARAT,3205,KABUPATEN GARUT,HEPATITIS B,0,ORANG,2019
25,32,JAWA BARAT,3205,KABUPATEN GARUT,SUSPEK CAMPAK,0,ORANG,2019
26,32,JAWA BARAT,3206,KABUPATEN TASIKMALAYA,DIFTERI,1,ORANG,2019
27,32,JAWA BARAT,3206,KABUPATEN TASIKMALAYA,PERTUSIS,0,ORANG,2019
28,32,JAWA BARAT,3206,KABUPATEN TASIKMALAYA,TETANUS NEONATORUM,0,ORANG,2019
29,32,JAWA BARAT,3206,KABUPATEN TASIKMALAYA,HEPATITIS B,0,ORANG,2019
30,32,JAWA BARAT,3206,KABUPATEN TASIKMALAYA,SUSPEK CAMPAK,11,ORANG,2019
31,32,JAWA BARAT,3207,KABUPATEN CIAMIS,DIFTERI,0,ORANG,2019
32,32,JAWA BARAT,3207,KABUPATEN CIAMIS,PERTUSIS,0,ORANG,2019
33,32,JAWA BARAT,3207,KABUPATEN CIAMIS,TETANUS NEONATORUM,0,ORANG,2019
34,32,JAWA BARAT,3207,KABUPATEN CIAMIS,HEPATITIS B,0,ORANG,2019
35,32,JAWA BARAT,3207,KABUPATEN CIAMIS,SUSPEK CAMPAK,0,ORANG,2019
36,32,JAWA BARAT,3208,KABUPATEN KUNINGAN,DIFTERI,3,ORANG,2019
37,32,JAWA BARAT,3208,KABUPATEN KUNINGAN,PERTUSIS,4,ORANG,2019
38,32,JAWA BARAT,3208,KABUPATEN KUNINGAN,TETANUS NEONATORUM,0,ORANG,2019
39,32,JAWA BARAT,3208,KABUPATEN KUNINGAN,HEPATITIS B,83,ORANG,2019
40,32,JAWA BARAT,3208,KABUPATEN KUNINGAN,SUSPEK CAMPAK,15,ORANG,2019
41,32,JAWA BARAT,3209,KABUPATEN CIREBON,DIFTERI,0,ORANG,2019
42,32,JAWA BARAT,3209,KABUPATEN CIREBON,PERTUSIS,1,ORANG,2019
43,32,JAWA BARAT,3209,KABUPATEN CIREBON,TETANUS NEONATORUM,0,ORANG,2019
44,32,JAWA BARAT,3209,KABUPATEN CIREBON,HEPATITIS B,0,ORANG,2019
45,32,JAWA BARAT,3209,KABUPATEN CIREBON,SUSPEK CAMPAK,0,ORANG,2019
46,32,JAWA BARAT,3210,KABUPATEN MAJALENGKA,DIFTERI,0,ORANG,2019
47,32,JAWA BARAT,3210,KABUPATEN MAJALENGKA,PERTUSIS,0,ORANG,2019
48,32,JAWA BARAT,3210,KABUPATEN MAJALENGKA,TETANUS NEONATORUM,0,ORANG,2019
49,32,JAWA BARAT,3210,KABUPATEN MAJALENGKA,HEPATITIS B,0,ORANG,2019
50,32,JAWA BARAT,3210,KABUPATEN MAJALENGKA,SUSPEK CAMPAK,0,ORANG,2019
51,32,JAWA BARAT,3211,KABUPATEN SUMEDANG,DIFTERI,0,ORANG,2019
52,32,JAWA BARAT,3211,KABUPATEN SUMEDANG,PERTUSIS,0,ORANG,2019
53,32,JAWA BARAT,3211,KABUPATEN SUMEDANG,TETANUS NEONATORUM,0,ORANG,2019
54,32,JAWA BARAT,3211,KABUPATEN SUMEDANG,HEPATITIS B,0,ORANG,2019
55,32,JAWA BARAT,3211,KABUPATEN SUMEDANG,SUSPEK CAMPAK,0,ORANG,2019
56,32,JAWA BARAT,3212,KABUPATEN INDRAMAYU,DIFTERI,0,ORANG,2019
57,32,JAWA BARAT,3212,KABUPATEN INDRAMAYU,PERTUSIS,0,ORANG,2019
58,32,JAWA BARAT,3212,KABUPATEN INDRAMAYU,TETANUS NEONATORUM,0,ORANG,2019
59,32,JAWA BARAT,3212,KABUPATEN INDRAMAYU,HEPATITIS B,0,ORANG,2019
60,32,JAWA BARAT,3212,KABUPATEN INDRAMAYU,SUSPEK CAMPAK,0,ORANG,2019
61,32,JAWA BARAT,3213,KABUPATEN SUBANG,DIFTERI,0,ORANG,2019
62,32,JAWA BARAT,3213,KABUPATEN SUBANG,PERTUSIS,0,ORANG,2019
63,32,JAWA BARAT,3213,KABUPATEN SUBANG,TETANUS NEONATORUM,0,ORANG,2019
64,32,JAWA BARAT,3213,KABUPATEN SUBANG,HEPATITIS B,0,ORANG,2019
65,32,JAWA BARAT,3213,KABUPATEN SUBANG,SUSPEK CAMPAK,0,ORANG,2019
66,32,JAWA BARAT,3214,KABUPATEN PURWAKARTA,DIFTERI,2,ORANG,2019
67,32,JAWA BARAT,3214,KABUPATEN PURWAKARTA,PERTUSIS,0,ORANG,2019
68,32,JAWA BARAT,3214,KABUPATEN PURWAKARTA,TETANUS NEONATORUM,0,ORANG,2019
69,32,JAWA BARAT,3214,KABUPATEN PURWAKARTA,HEPATITIS B,0,ORANG,2019
70,32,JAWA BARAT,3214,KABUPATEN PURWAKARTA,SUSPEK CAMPAK,14,ORANG,2019
71,32,JAWA BARAT,3215,KABUPATEN KARAWANG,DIFTERI,3,ORANG,2019
72,32,JAWA BARAT,3215,KABUPATEN KARAWANG,PERTUSIS,0,ORANG,2019
73,32,JAWA BARAT,3215,KABUPATEN KARAWANG,TETANUS NEONATORUM,0,ORANG,2019
74,32,JAWA BARAT,3215,KABUPATEN KARAWANG,HEPATITIS B,0,ORANG,2019
75,32,JAWA BARAT,3215,KABUPATEN KARAWANG,SUSPEK CAMPAK,23,ORANG,2019
76,32,JAWA BARAT,3216,KABUPATEN BEKASI,DIFTERI,7,ORANG,2019
77,32,JAWA BARAT,3216,KABUPATEN BEKASI,PERTUSIS,0,ORANG,2019
78,32,JAWA BARAT,3216,KABUPATEN BEKASI,TETANUS NEONATORUM,0,ORANG,2019
79,32,JAWA BARAT,3216,KABUPATEN BEKASI,HEPATITIS B,0,ORANG,2019
80,32,JAWA BARAT,3216,KABUPATEN BEKASI,SUSPEK CAMPAK,23,ORANG,2019
81,32,JAWA BARAT,3217,KABUPATEN BANDUNG BARAT,DIFTERI,0,ORANG,2019
82,32,JAWA BARAT,3217,KABUPATEN BANDUNG BARAT,PERTUSIS,0,ORANG,2019
83,32,JAWA BARAT,3217,KABUPATEN BANDUNG BARAT,TETANUS NEONATORUM,0,ORANG,2019
84,32,JAWA BARAT,3217,KABUPATEN BANDUNG BARAT,HEPATITIS B,0,ORANG,2019
85,32,JAWA BARAT,3217,KABUPATEN BANDUNG BARAT,SUSPEK CAMPAK,0,ORANG,2019
86,32,JAWA BARAT,3218,KABUPATEN PANGANDARAN,DIFTERI,0,ORANG,2019
87,32,JAWA BARAT,3218,KABUPATEN PANGANDARAN,PERTUSIS,0,ORANG,2019
88,32,JAWA BARAT,3218,KABUPATEN PANGANDARAN,TETANUS NEONATORUM,0,ORANG,2019
89,32,JAWA BARAT,3218,KABUPATEN PANGANDARAN,HEPATITIS B,0,ORANG,2019
90,32,JAWA BARAT,3218,KABUPATEN PANGANDARAN,SUSPEK CAMPAK,0,ORANG,2019
91,32,JAWA BARAT,3271,KOTA BOGOR,DIFTERI,10,ORANG,2019
92,32,JAWA BARAT,3271,KOTA BOGOR,PERTUSIS,3,ORANG,2019
93,32,JAWA BARAT,3271,KOTA BOGOR,TETANUS NEONATORUM,2,ORANG,2019
94,32,JAWA BARAT,3271,KOTA BOGOR,HEPATITIS B,140,ORANG,2019
95,32,JAWA BARAT,3271,KOTA BOGOR,SUSPEK CAMPAK,127,ORANG,2019
96,32,JAWA BARAT,3272,KOTA SUKABUMI,DIFTERI,2,ORANG,2019
97,32,JAWA BARAT,3272,KOTA SUKABUMI,PERTUSIS,0,ORANG,2019
98,32,JAWA BARAT,3272,KOTA SUKABUMI,TETANUS NEONATORUM,0,ORANG,2019
99,32,JAWA BARAT,3272,KOTA SUKABUMI,HEPATITIS B,26,ORANG,2019
100,32,JAWA BARAT,3272,KOTA SUKABUMI,SUSPEK CAMPAK,29,ORANG,2019
101,32,JAWA BARAT,3273,KOTA BANDUNG,DIFTERI,8,ORANG,2019
102,32,JAWA BARAT,3273,KOTA BANDUNG,PERTUSIS,2,ORANG,2019
103,32,JAWA BARAT,3273,KOTA BANDUNG,TETANUS NEONATORUM,1,ORANG,2019
104,32,JAWA BARAT,3273,KOTA BANDUNG,HEPATITIS B,0,ORANG,2019
105,32,JAWA BARAT,3273,KOTA BANDUNG,SUSPEK CAMPAK,4,ORANG,2019
106,32,JAWA BARAT,3274,KOTA CIREBON,DIFTERI,12,ORANG,2019
107,32,JAWA BARAT,3274,KOTA CIREBON,PERTUSIS,0,ORANG,2019
108,32,JAWA BARAT,3274,KOTA CIREBON,TETANUS NEONATORUM,0,ORANG,2019
109,32,JAWA BARAT,3274,KOTA CIREBON,HEPATITIS B,0,ORANG,2019
110,32,JAWA BARAT,3274,KOTA CIREBON,SUSPEK CAMPAK,41,ORANG,2019
111,32,JAWA BARAT,3275,KOTA BEKASI,DIFTERI,25,ORANG,2019
112,32,JAWA BARAT,3275,KOTA BEKASI,PERTUSIS,0,ORANG,2019
113,32,JAWA BARAT,3275,KOTA BEKASI,TETANUS NEONATORUM,0,ORANG,2019
114,32,JAWA BARAT,3275,KOTA BEKASI,HEPATITIS B,45,ORANG,2019
115,32,JAWA BARAT,3275,KOTA BEKASI,SUSPEK CAMPAK,32,ORANG,2019
116,32,JAWA BARAT,3276,KOTA DEPOK,DIFTERI,0,ORANG,2019
117,32,JAWA BARAT,3276,KOTA DEPOK,PERTUSIS,0,ORANG,2019
118,32,JAWA BARAT,3276,KOTA DEPOK,TETANUS NEONATORUM,0,ORANG,2019
119,32,JAWA BARAT,3276,KOTA DEPOK,HEPATITIS B,0,ORANG,2019
120,32,JAWA BARAT,3276,KOTA DEPOK,SUSPEK CAMPAK,0,ORANG,2019
121,32,JAWA BARAT,3277,KOTA CIMAHI,DIFTERI,2,ORANG,2019
122,32,JAWA BARAT,3277,KOTA CIMAHI,PERTUSIS,0,ORANG,2019
123,32,JAWA BARAT,3277,KOTA CIMAHI,TETANUS NEONATORUM,0,ORANG,2019
124,32,JAWA BARAT,3277,KOTA CIMAHI,HEPATITIS B,0,ORANG,2019
125,32,JAWA BARAT,3277,KOTA CIMAHI,SUSPEK CAMPAK,15,ORANG,2019
126,32,JAWA BARAT,3278,KOTA TASIKMALAYA,DIFTERI,0,ORANG,2019
127,32,JAWA BARAT,3278,KOTA TASIKMALAYA,PERTUSIS,0,ORANG,2019
128,32,JAWA BARAT,3278,KOTA TASIKMALAYA,TETANUS NEONATORUM,0,ORANG,2019
129,32,JAWA BARAT,3278,KOTA TASIKMALAYA,HEPATITIS B,0,ORANG,2019
130,32,JAWA BARAT,3278,KOTA TASIKMALAYA,SUSPEK CAMPAK,0,ORANG,2019
131,32,JAWA BARAT,3279,KOTA BANJAR,DIFTERI,0,ORANG,2019
132,32,JAWA BARAT,3279,KOTA BANJAR,PERTUSIS,0,ORANG,2019
133,32,JAWA BARAT,3279,KOTA BANJAR,TETANUS NEONATORUM,0,ORANG,2019
134,32,JAWA BARAT,3279,KOTA BANJAR,HEPATITIS B,0,ORANG,2019
135,32,JAWA BARAT,3279,KOTA BANJAR,SUSPEK CAMPAK,4,ORANG,2019
136,32,JAWA BARAT,3201,KABUPATEN BOGOR,DIFTERI,4,ORANG,2020
137,32,JAWA BARAT,3201,KABUPATEN BOGOR,PERTUSIS,0,ORANG,2020
138,32,JAWA BARAT,3201,KABUPATEN BOGOR,TETANUS NEONATORUM,0,ORANG,2020
139,32,JAWA BARAT,3201,KABUPATEN BOGOR,HEPATITIS B,0,ORANG,2020
140,32,JAWA BARAT,3201,KABUPATEN BOGOR,SUSPEK CAMPAK,0,ORANG,2020
141,32,JAWA BARAT,3202,KABUPATEN SUKABUMI,DIFTERI,18,ORANG,2020
142,32,JAWA BARAT,3202,KABUPATEN SUKABUMI,PERTUSIS,0,ORANG,2020
143,32,JAWA BARAT,3202,KABUPATEN SUKABUMI,TETANUS NEONATORUM,0,ORANG,2020
144,32,JAWA BARAT,3202,KABUPATEN SUKABUMI,HEPATITIS B,0,ORANG,2020
145,32,JAWA BARAT,3202,KABUPATEN SUKABUMI,SUSPEK CAMPAK,0,ORANG,2020
146,32,JAWA BARAT,3203,KABUPATEN CIANJUR,DIFTERI,0,ORANG,2020
147,32,JAWA BARAT,3203,KABUPATEN CIANJUR,PERTUSIS,0,ORANG,2020
148,32,JAWA BARAT,3203,KABUPATEN CIANJUR,TETANUS NEONATORUM,0,ORANG,2020
149,32,JAWA BARAT,3203,KABUPATEN CIANJUR,HEPATITIS B,0,ORANG,2020
150,32,JAWA BARAT,3203,KABUPATEN CIANJUR,SUSPEK CAMPAK,0,ORANG,2020
151,32,JAWA BARAT,3204,KABUPATEN BANDUNG,DIFTERI,7,ORANG,2020
152,32,JAWA BARAT,3204,KABUPATEN BANDUNG,PERTUSIS,0,ORANG,2020
153,32,JAWA BARAT,3204,KABUPATEN BANDUNG,TETANUS NEONATORUM,0,ORANG,2020
154,32,JAWA BARAT,3204,KABUPATEN BANDUNG,HEPATITIS B,0,ORANG,2020
155,32,JAWA BARAT,3204,KABUPATEN BANDUNG,SUSPEK CAMPAK,2,ORANG,2020
156,32,JAWA BARAT,3205,KABUPATEN GARUT,DIFTERI,0,ORANG,2020
157,32,JAWA BARAT,3205,KABUPATEN GARUT,PERTUSIS,0,ORANG,2020
158,32,JAWA BARAT,3205,KABUPATEN GARUT,TETANUS NEONATORUM,0,ORANG,2020
159,32,JAWA BARAT,3205,KABUPATEN GARUT,HEPATITIS B,0,ORANG,2020
160,32,JAWA BARAT,3205,KABUPATEN GARUT,SUSPEK CAMPAK,0,ORANG,2020
161,32,JAWA BARAT,3206,KABUPATEN TASIKMALAYA,DIFTERI,0,ORANG,2020
162,32,JAWA BARAT,3206,KABUPATEN TASIKMALAYA,PERTUSIS,0,ORANG,2020
163,32,JAWA BARAT,3206,KABUPATEN TASIKMALAYA,TETANUS NEONATORUM,0,ORANG,2020
164,32,JAWA BARAT,3206,KABUPATEN TASIKMALAYA,HEPATITIS B,0,ORANG,2020
165,32,JAWA BARAT,3206,KABUPATEN TASIKMALAYA,SUSPEK CAMPAK,12,ORANG,2020
166,32,JAWA BARAT,3207,KABUPATEN CIAMIS,DIFTERI,0,ORANG,2020
167,32,JAWA BARAT,3207,KABUPATEN CIAMIS,PERTUSIS,0,ORANG,2020
168,32,JAWA BARAT,3207,KABUPATEN CIAMIS,TETANUS NEONATORUM,0,ORANG,2020
169,32,JAWA BARAT,3207,KABUPATEN CIAMIS,HEPATITIS B,0,ORANG,2020
170,32,JAWA BARAT,3207,KABUPATEN CIAMIS,SUSPEK CAMPAK,0,ORANG,2020
171,32,JAWA BARAT,3208,KABUPATEN KUNINGAN,DIFTERI,0,ORANG,2020
172,32,JAWA BARAT,3208,KABUPATEN KUNINGAN,PERTUSIS,0,ORANG,2020
173,32,JAWA BARAT,3208,KABUPATEN KUNINGAN,TETANUS NEONATORUM,0,ORANG,2020
174,32,JAWA BARAT,3208,KABUPATEN KUNINGAN,HEPATITIS B,0,ORANG,2020
175,32,JAWA BARAT,3208,KABUPATEN KUNINGAN,SUSPEK CAMPAK,0,ORANG,2020
176,32,JAWA BARAT,3209,KABUPATEN CIREBON,DIFTERI,0,ORANG,2020
177,32,JAWA BARAT,3209,KABUPATEN CIREBON,PERTUSIS,1,ORANG,2020
178,32,JAWA BARAT,3209,KABUPATEN CIREBON,TETANUS NEONATORUM,0,ORANG,2020
179,32,JAWA BARAT,3209,KABUPATEN CIREBON,HEPATITIS B,0,ORANG,2020
180,32,JAWA BARAT,3209,KABUPATEN CIREBON,SUSPEK CAMPAK,76,ORANG,2020
181,32,JAWA BARAT,3210,KABUPATEN MAJALENGKA,DIFTERI,0,ORANG,2020
182,32,JAWA BARAT,3210,KABUPATEN MAJALENGKA,PERTUSIS,0,ORANG,2020
183,32,JAWA BARAT,3210,KABUPATEN MAJALENGKA,TETANUS NEONATORUM,0,ORANG,2020
184,32,JAWA BARAT,3210,KABUPATEN MAJALENGKA,HEPATITIS B,0,ORANG,2020
185,32,JAWA BARAT,3210,KABUPATEN MAJALENGKA,SUSPEK CAMPAK,7,ORANG,2020
186,32,JAWA BARAT,3211,KABUPATEN SUMEDANG,DIFTERI,0,ORANG,2020
187,32,JAWA BARAT,3211,KABUPATEN SUMEDANG,PERTUSIS,0,ORANG,2020
188,32,JAWA BARAT,3211,KABUPATEN SUMEDANG,TETANUS NEONATORUM,0,ORANG,2020
189,32,JAWA BARAT,3211,KABUPATEN SUMEDANG,HEPATITIS B,0,ORANG,2020
190,32,JAWA BARAT,3211,KABUPATEN SUMEDANG,SUSPEK CAMPAK,0,ORANG,2020
191,32,JAWA BARAT,3212,KABUPATEN INDRAMAYU,DIFTERI,1,ORANG,2020
192,32,JAWA BARAT,3212,KABUPATEN INDRAMAYU,PERTUSIS,0,ORANG,2020
193,32,JAWA BARAT,3212,KABUPATEN INDRAMAYU,TETANUS NEONATORUM,0,ORANG,2020
194,32,JAWA BARAT,3212,KABUPATEN INDRAMAYU,HEPATITIS B,0,ORANG,2020
195,32,JAWA BARAT,3212,KABUPATEN INDRAMAYU,SUSPEK CAMPAK,0,ORANG,2020
196,32,JAWA BARAT,3213,KABUPATEN SUBANG,DIFTERI,0,ORANG,2020
197,32,JAWA BARAT,3213,KABUPATEN SUBANG,PERTUSIS,0,ORANG,2020
198,32,JAWA BARAT,3213,KABUPATEN SUBANG,TETANUS NEONATORUM,0,ORANG,2020
199,32,JAWA BARAT,3213,KABUPATEN SUBANG,HEPATITIS B,0,ORANG,2020
200,32,JAWA BARAT,3213,KABUPATEN SUBANG,SUSPEK CAMPAK,0,ORANG,2020
201,32,JAWA BARAT,3214,KABUPATEN PURWAKARTA,DIFTERI,0,ORANG,2020
202,32,JAWA BARAT,3214,KABUPATEN PURWAKARTA,PERTUSIS,0,ORANG,2020
203,32,JAWA BARAT,3214,KABUPATEN PURWAKARTA,TETANUS NEONATORUM,0,ORANG,2020
204,32,JAWA BARAT,3214,KABUPATEN PURWAKARTA,HEPATITIS B,0,ORANG,2020
205,32,JAWA BARAT,3214,KABUPATEN PURWAKARTA,SUSPEK CAMPAK,0,ORANG,2020
206,32,JAWA BARAT,3215,KABUPATEN KARAWANG,DIFTERI,2,ORANG,2020
207,32,JAWA BARAT,3215,KABUPATEN KARAWANG,PERTUSIS,0,ORANG,2020
208,32,JAWA BARAT,3215,KABUPATEN KARAWANG,TETANUS NEONATORUM,0,ORANG,2020
209,32,JAWA BARAT,3215,KABUPATEN KARAWANG,HEPATITIS B,0,ORANG,2020
210,32,JAWA BARAT,3215,KABUPATEN KARAWANG,SUSPEK CAMPAK,7,ORANG,2020
211,32,JAWA BARAT,3216,KABUPATEN BEKASI,DIFTERI,4,ORANG,2020
212,32,JAWA BARAT,3216,KABUPATEN BEKASI,PERTUSIS,0,ORANG,2020
213,32,JAWA BARAT,3216,KABUPATEN BEKASI,TETANUS NEONATORUM,0,ORANG,2020
214,32,JAWA BARAT,3216,KABUPATEN BEKASI,HEPATITIS B,0,ORANG,2020
215,32,JAWA BARAT,3216,KABUPATEN BEKASI,SUSPEK CAMPAK,0,ORANG,2020
216,32,JAWA BARAT,3217,KABUPATEN BANDUNG BARAT,DIFTERI,0,ORANG,2020
217,32,JAWA BARAT,3217,KABUPATEN BANDUNG BARAT,PERTUSIS,0,ORANG,2020
218,32,JAWA BARAT,3217,KABUPATEN BANDUNG BARAT,TETANUS NEONATORUM,0,ORANG,2020
219,32,JAWA BARAT,3217,KABUPATEN BANDUNG BARAT,HEPATITIS B,0,ORANG,2020
220,32,JAWA BARAT,3217,KABUPATEN BANDUNG BARAT,SUSPEK CAMPAK,15,ORANG,2020
221,32,JAWA BARAT,3218,KABUPATEN PANGANDARAN,DIFTERI,0,ORANG,2020
222,32,JAWA BARAT,3218,KABUPATEN PANGANDARAN,PERTUSIS,0,ORANG,2020
223,32,JAWA BARAT,3218,KABUPATEN PANGANDARAN,TETANUS NEONATORUM,0,ORANG,2020
224,32,JAWA BARAT,3218,KABUPATEN PANGANDARAN,HEPATITIS B,0,ORANG,2020
225,32,JAWA BARAT,3218,KABUPATEN PANGANDARAN,SUSPEK CAMPAK,0,ORANG,2020
226,32,JAWA BARAT,3271,KOTA BOGOR,DIFTERI,0,ORANG,2020
227,32,JAWA BARAT,3271,KOTA BOGOR,PERTUSIS,0,ORANG,2020
228,32,JAWA BARAT,3271,KOTA BOGOR,TETANUS NEONATORUM,0,ORANG,2020
229,32,JAWA BARAT,3271,KOTA BOGOR,HEPATITIS B,95,ORANG,2020
230,32,JAWA BARAT,3271,KOTA BOGOR,SUSPEK CAMPAK,74,ORANG,2020
231,32,JAWA BARAT,3272,KOTA SUKABUMI,DIFTERI,0,ORANG,2020
232,32,JAWA BARAT,3272,KOTA SUKABUMI,PERTUSIS,0,ORANG,2020
233,32,JAWA BARAT,3272,KOTA SUKABUMI,TETANUS NEONATORUM,0,ORANG,2020
234,32,JAWA BARAT,3272,KOTA SUKABUMI,HEPATITIS B,29,ORANG,2020
235,32,JAWA BARAT,3272,KOTA SUKABUMI,SUSPEK CAMPAK,14,ORANG,2020
236,32,JAWA BARAT,3273,KOTA BANDUNG,DIFTERI,2,ORANG,2020
237,32,JAWA BARAT,3273,KOTA BANDUNG,PERTUSIS,1,ORANG,2020
238,32,JAWA BARAT,3273,KOTA BANDUNG,TETANUS NEONATORUM,0,ORANG,2020
239,32,JAWA BARAT,3273,KOTA BANDUNG,HEPATITIS B,0,ORANG,2020
240,32,JAWA BARAT,3273,KOTA BANDUNG,SUSPEK CAMPAK,40,ORANG,2020
241,32,JAWA BARAT,3274,KOTA CIREBON,DIFTERI,12,ORANG,2020
242,32,JAWA BARAT,3274,KOTA CIREBON,PERTUSIS,0,ORANG,2020
243,32,JAWA BARAT,3274,KOTA CIREBON,TETANUS NEONATORUM,0,ORANG,2020
244,32,JAWA BARAT,3274,KOTA CIREBON,HEPATITIS B,0,ORANG,2020
245,32,JAWA BARAT,3274,KOTA CIREBON,SUSPEK CAMPAK,41,ORANG,2020
246,32,JAWA BARAT,3275,KOTA BEKASI,DIFTERI,11,ORANG,2020
247,32,JAWA BARAT,3275,KOTA BEKASI,PERTUSIS,0,ORANG,2020
248,32,JAWA BARAT,3275,KOTA BEKASI,TETANUS NEONATORUM,0,ORANG,2020
249,32,JAWA BARAT,3275,KOTA BEKASI,HEPATITIS B,48,ORANG,2020
250,32,JAWA BARAT,3275,KOTA BEKASI,SUSPEK CAMPAK,4,ORANG,2020
251,32,JAWA BARAT,3276,KOTA DEPOK,DIFTERI,4,ORANG,2020
252,32,JAWA BARAT,3276,KOTA DEPOK,PERTUSIS,0,ORANG,2020
253,32,JAWA BARAT,3276,KOTA DEPOK,TETANUS NEONATORUM,0,ORANG,2020
254,32,JAWA BARAT,3276,KOTA DEPOK,HEPATITIS B,0,ORANG,2020
255,32,JAWA BARAT,3276,KOTA DEPOK,SUSPEK CAMPAK,0,ORANG,2020
256,32,JAWA BARAT,3277,KOTA CIMAHI,DIFTERI,0,ORANG,2020
257,32,JAWA BARAT,3277,KOTA CIMAHI,PERTUSIS,0,ORANG,2020
258,32,JAWA BARAT,3277,KOTA CIMAHI,TETANUS NEONATORUM,0,ORANG,2020
259,32,JAWA BARAT,3277,KOTA CIMAHI,HEPATITIS B,0,ORANG,2020
260,32,JAWA BARAT,3277,KOTA CIMAHI,SUSPEK CAMPAK,24,ORANG,2020
261,32,JAWA BARAT,3278,KOTA TASIKMALAYA,DIFTERI,0,ORANG,2020
262,32,JAWA BARAT,3278,KOTA TASIKMALAYA,PERTUSIS,0,ORANG,2020
263,32,JAWA BARAT,3278,KOTA TASIKMALAYA,TETANUS NEONATORUM,0,ORANG,2020
264,32,JAWA BARAT,3278,KOTA TASIKMALAYA,HEPATITIS B,0,ORANG,2020
265,32,JAWA BARAT,3278,KOTA TASIKMALAYA,SUSPEK CAMPAK,0,ORANG,2020
266,32,JAWA BARAT,3279,KOTA BANJAR,DIFTERI,0,ORANG,2020
267,32,JAWA BARAT,3279,KOTA BANJAR,PERTUSIS,0,ORANG,2020
268,32,JAWA BARAT,3279,KOTA BANJAR,TETANUS NEONATORUM,0,ORANG,2020
269,32,JAWA BARAT,3279,KOTA BANJAR,HEPATITIS B,0,ORANG,2020
270,32,JAWA BARAT,3279,KOTA BANJAR,SUSPEK CAMPAK,4,ORANG,2020
271,32,JAWA BARAT,3201,KABUPATEN BOGOR,DIFTERI,10,ORANG,2021
272,32,JAWA BARAT,3201,KABUPATEN BOGOR,PERTUSIS,1,ORANG,2021
273,32,JAWA BARAT,3201,KABUPATEN BOGOR,TETANUS NEONATORUM,0,ORANG,2021
274,32,JAWA BARAT,3201,KABUPATEN BOGOR,HEPATITIS B,0,ORANG,2021
275,32,JAWA BARAT,3201,KABUPATEN BOGOR,SUSPEK CAMPAK,0,ORANG,2021
276,32,JAWA BARAT,3202,KABUPATEN SUKABUMI,DIFTERI,4,ORANG,2021
277,32,JAWA BARAT,3202,KABUPATEN SUKABUMI,PERTUSIS,0,ORANG,2021
278,32,JAWA BARAT,3202,KABUPATEN SUKABUMI,TETANUS NEONATORUM,0,ORANG,2021
279,32,JAWA BARAT,3202,KABUPATEN SUKABUMI,HEPATITIS B,0,ORANG,2021
280,32,JAWA BARAT,3202,KABUPATEN SUKABUMI,SUSPEK CAMPAK,0,ORANG,2021
281,32,JAWA BARAT,3203,KABUPATEN CIANJUR,DIFTERI,0,ORANG,2021
282,32,JAWA BARAT,3203,KABUPATEN CIANJUR,PERTUSIS,0,ORANG,2021
283,32,JAWA BARAT,3203,KABUPATEN CIANJUR,TETANUS NEONATORUM,0,ORANG,2021
284,32,JAWA BARAT,3203,KABUPATEN CIANJUR,HEPATITIS B,0,ORANG,2021
285,32,JAWA BARAT,3203,KABUPATEN CIANJUR,SUSPEK CAMPAK,0,ORANG,2021
286,32,JAWA BARAT,3204,KABUPATEN BANDUNG,DIFTERI,7,ORANG,2021
287,32,JAWA BARAT,3204,KABUPATEN BANDUNG,PERTUSIS,0,ORANG,2021
288,32,JAWA BARAT,3204,KABUPATEN BANDUNG,TETANUS NEONATORUM,0,ORANG,2021
289,32,JAWA BARAT,3204,KABUPATEN BANDUNG,HEPATITIS B,0,ORANG,2021
290,32,JAWA BARAT,3204,KABUPATEN BANDUNG,SUSPEK CAMPAK,54,ORANG,2021
291,32,JAWA BARAT,3205,KABUPATEN GARUT,DIFTERI,0,ORANG,2021
292,32,JAWA BARAT,3205,KABUPATEN GARUT,PERTUSIS,0,ORANG,2021
293,32,JAWA BARAT,3205,KABUPATEN GARUT,TETANUS NEONATORUM,0,ORANG,2021
294,32,JAWA BARAT,3205,KABUPATEN GARUT,HEPATITIS B,53,ORANG,2021
295,32,JAWA BARAT,3205,KABUPATEN GARUT,SUSPEK CAMPAK,46,ORANG,2021
296,32,JAWA BARAT,3206,KABUPATEN TASIKMALAYA,DIFTERI,0,ORANG,2021
297,32,JAWA BARAT,3206,KABUPATEN TASIKMALAYA,PERTUSIS,0,ORANG,2021
298,32,JAWA BARAT,3206,KABUPATEN TASIKMALAYA,TETANUS NEONATORUM,0,ORANG,2021
299,32,JAWA BARAT,3206,KABUPATEN TASIKMALAYA,HEPATITIS B,0,ORANG,2021
300,32,JAWA BARAT,3206,KABUPATEN TASIKMALAYA,SUSPEK CAMPAK,4,ORANG,2021
301,32,JAWA BARAT,3207,KABUPATEN CIAMIS,DIFTERI,0,ORANG,2021
302,32,JAWA BARAT,3207,KABUPATEN CIAMIS,PERTUSIS,0,ORANG,2021
303,32,JAWA BARAT,3207,KABUPATEN CIAMIS,TETANUS NEONATORUM,0,ORANG,2021
304,32,JAWA BARAT,3207,KABUPATEN CIAMIS,HEPATITIS B,0,ORANG,2021
305,32,JAWA BARAT,3207,KABUPATEN CIAMIS,SUSPEK CAMPAK,0,ORANG,2021
306,32,JAWA BARAT,3208,KABUPATEN KUNINGAN,DIFTERI,0,ORANG,2021
307,32,JAWA BARAT,3208,KABUPATEN KUNINGAN,PERTUSIS,0,ORANG,2021
308,32,JAWA BARAT,3208,KABUPATEN KUNINGAN,TETANUS NEONATORUM,0,ORANG,2021
309,32,JAWA BARAT,3208,KABUPATEN KUNINGAN,HEPATITIS B,11,ORANG,2021
310,32,JAWA BARAT,3208,KABUPATEN KUNINGAN,SUSPEK CAMPAK,1,ORANG,2021
311,32,JAWA BARAT,3209,KABUPATEN CIREBON,DIFTERI,0,ORANG,2021
312,32,JAWA BARAT,3209,KABUPATEN CIREBON,PERTUSIS,0,ORANG,2021
313,32,JAWA BARAT,3209,KABUPATEN CIREBON,TETANUS NEONATORUM,0,ORANG,2021
314,32,JAWA BARAT,3209,KABUPATEN CIREBON,HEPATITIS B,238,ORANG,2021
315,32,JAWA BARAT,3209,KABUPATEN CIREBON,SUSPEK CAMPAK,36,ORANG,2021
316,32,JAWA BARAT,3210,KABUPATEN MAJALENGKA,DIFTERI,2,ORANG,2021
317,32,JAWA BARAT,3210,KABUPATEN MAJALENGKA,PERTUSIS,0,ORANG,2021
318,32,JAWA BARAT,3210,KABUPATEN MAJALENGKA,TETANUS NEONATORUM,0,ORANG,2021
319,32,JAWA BARAT,3210,KABUPATEN MAJALENGKA,HEPATITIS B,0,ORANG,2021
320,32,JAWA BARAT,3210,KABUPATEN MAJALENGKA,SUSPEK CAMPAK,3,ORANG,2021
321,32,JAWA BARAT,3211,KABUPATEN SUMEDANG,DIFTERI,0,ORANG,2021
322,32,JAWA BARAT,3211,KABUPATEN SUMEDANG,PERTUSIS,0,ORANG,2021
323,32,JAWA BARAT,3211,KABUPATEN SUMEDANG,TETANUS NEONATORUM,0,ORANG,2021
324,32,JAWA BARAT,3211,KABUPATEN SUMEDANG,HEPATITIS B,0,ORANG,2021
325,32,JAWA BARAT,3211,KABUPATEN SUMEDANG,SUSPEK CAMPAK,0,ORANG,2021
326,32,JAWA BARAT,3212,KABUPATEN INDRAMAYU,DIFTERI,2,ORANG,2021
327,32,JAWA BARAT,3212,KABUPATEN INDRAMAYU,PERTUSIS,0,ORANG,2021
328,32,JAWA BARAT,3212,KABUPATEN INDRAMAYU,TETANUS NEONATORUM,0,ORANG,2021
329,32,JAWA BARAT,3212,KABUPATEN INDRAMAYU,HEPATITIS B,0,ORANG,2021
330,32,JAWA BARAT,3212,KABUPATEN INDRAMAYU,SUSPEK CAMPAK,0,ORANG,2021
331,32,JAWA BARAT,3213,KABUPATEN SUBANG,DIFTERI,0,ORANG,2021
332,32,JAWA BARAT,3213,KABUPATEN SUBANG,PERTUSIS,0,ORANG,2021
333,32,JAWA BARAT,3213,KABUPATEN SUBANG,TETANUS NEONATORUM,0,ORANG,2021
334,32,JAWA BARAT,3213,KABUPATEN SUBANG,HEPATITIS B,0,ORANG,2021
335,32,JAWA BARAT,3213,KABUPATEN SUBANG,SUSPEK CAMPAK,0,ORANG,2021
336,32,JAWA BARAT,3214,KABUPATEN PURWAKARTA,DIFTERI,0,ORANG,2021
337,32,JAWA BARAT,3214,KABUPATEN PURWAKARTA,PERTUSIS,0,ORANG,2021
338,32,JAWA BARAT,3214,KABUPATEN PURWAKARTA,TETANUS NEONATORUM,0,ORANG,2021
339,32,JAWA BARAT,3214,KABUPATEN PURWAKARTA,HEPATITIS B,0,ORANG,2021
340,32,JAWA BARAT,3214,KABUPATEN PURWAKARTA,SUSPEK CAMPAK,0,ORANG,2021
341,32,JAWA BARAT,3215,KABUPATEN KARAWANG,DIFTERI,0,ORANG,2021
342,32,JAWA BARAT,3215,KABUPATEN KARAWANG,PERTUSIS,0,ORANG,2021
343,32,JAWA BARAT,3215,KABUPATEN KARAWANG,TETANUS NEONATORUM,0,ORANG,2021
344,32,JAWA BARAT,3215,KABUPATEN KARAWANG,HEPATITIS B,0,ORANG,2021
345,32,JAWA BARAT,3215,KABUPATEN KARAWANG,SUSPEK CAMPAK,0,ORANG,2021
346,32,JAWA BARAT,3216,KABUPATEN BEKASI,DIFTERI,1,ORANG,2021
347,32,JAWA BARAT,3216,KABUPATEN BEKASI,PERTUSIS,0,ORANG,2021
348,32,JAWA BARAT,3216,KABUPATEN BEKASI,TETANUS NEONATORUM,0,ORANG,2021
349,32,JAWA BARAT,3216,KABUPATEN BEKASI,HEPATITIS B,0,ORANG,2021
350,32,JAWA BARAT,3216,KABUPATEN BEKASI,SUSPEK CAMPAK,5,ORANG,2021
351,32,JAWA BARAT,3217,KABUPATEN BANDUNG BARAT,DIFTERI,0,ORANG,2021
352,32,JAWA BARAT,3217,KABUPATEN BANDUNG BARAT,PERTUSIS,0,ORANG,2021
353,32,JAWA BARAT,3217,KABUPATEN BANDUNG BARAT,TETANUS NEONATORUM,0,ORANG,2021
354,32,JAWA BARAT,3217,KABUPATEN BANDUNG BARAT,HEPATITIS B,8,ORANG,2021
355,32,JAWA BARAT,3217,KABUPATEN BANDUNG BARAT,SUSPEK CAMPAK,0,ORANG,2021
356,32,JAWA BARAT,3218,KABUPATEN PANGANDARAN,DIFTERI,0,ORANG,2021
357,32,JAWA BARAT,3218,KABUPATEN PANGANDARAN,PERTUSIS,0,ORANG,2021
358,32,JAWA BARAT,3218,KABUPATEN PANGANDARAN,TETANUS NEONATORUM,0,ORANG,2021
359,32,JAWA BARAT,3218,KABUPATEN PANGANDARAN,HEPATITIS B,0,ORANG,2021
360,32,JAWA BARAT,3218,KABUPATEN PANGANDARAN,SUSPEK CAMPAK,0,ORANG,2021
361,32,JAWA BARAT,3271,KOTA BOGOR,DIFTERI,3,ORANG,2021
362,32,JAWA BARAT,3271,KOTA BOGOR,PERTUSIS,0,ORANG,2021
363,32,JAWA BARAT,3271,KOTA BOGOR,TETANUS NEONATORUM,0,ORANG,2021
364,32,JAWA BARAT,3271,KOTA BOGOR,HEPATITIS B,136,ORANG,2021
365,32,JAWA BARAT,3271,KOTA BOGOR,SUSPEK CAMPAK,3,ORANG,2021
366,32,JAWA BARAT,3272,KOTA SUKABUMI,DIFTERI,0,ORANG,2021
367,32,JAWA BARAT,3272,KOTA SUKABUMI,PERTUSIS,0,ORANG,2021
368,32,JAWA BARAT,3272,KOTA SUKABUMI,TETANUS NEONATORUM,0,ORANG,2021
369,32,JAWA BARAT,3272,KOTA SUKABUMI,HEPATITIS B,27,ORANG,2021
370,32,JAWA BARAT,3272,KOTA SUKABUMI,SUSPEK CAMPAK,23,ORANG,2021
371,32,JAWA BARAT,3273,KOTA BANDUNG,DIFTERI,0,ORANG,2021
372,32,JAWA BARAT,3273,KOTA BANDUNG,PERTUSIS,0,ORANG,2021
373,32,JAWA BARAT,3273,KOTA BANDUNG,TETANUS NEONATORUM,0,ORANG,2021
374,32,JAWA BARAT,3273,KOTA BANDUNG,HEPATITIS B,0,ORANG,2021
375,32,JAWA BARAT,3273,KOTA BANDUNG,SUSPEK CAMPAK,16,ORANG,2021
376,32,JAWA BARAT,3274,KOTA CIREBON,DIFTERI,0,ORANG,2021
377,32,JAWA BARAT,3274,KOTA CIREBON,PERTUSIS,0,ORANG,2021
378,32,JAWA BARAT,3274,KOTA CIREBON,TETANUS NEONATORUM,0,ORANG,2021
379,32,JAWA BARAT,3274,KOTA CIREBON,HEPATITIS B,0,ORANG,2021
380,32,JAWA BARAT,3274,KOTA CIREBON,SUSPEK CAMPAK,12,ORANG,2021
381,32,JAWA BARAT,3275,KOTA BEKASI,DIFTERI,3,ORANG,2021
382,32,JAWA BARAT,3275,KOTA BEKASI,PERTUSIS,0,ORANG,2021
383,32,JAWA BARAT,3275,KOTA BEKASI,TETANUS NEONATORUM,0,ORANG,2021
384,32,JAWA BARAT,3275,KOTA BEKASI,HEPATITIS B,91,ORANG,2021
385,32,JAWA BARAT,3275,KOTA BEKASI,SUSPEK CAMPAK,6,ORANG,2021
386,32,JAWA BARAT,3276,KOTA DEPOK,DIFTERI,0,ORANG,2021
387,32,JAWA BARAT,3276,KOTA DEPOK,PERTUSIS,0,ORANG,2021
388,32,JAWA BARAT,3276,KOTA DEPOK,TETANUS NEONATORUM,0,ORANG,2021
389,32,JAWA BARAT,3276,KOTA DEPOK,HEPATITIS B,4,ORANG,2021
390,32,JAWA BARAT,3276,KOTA DEPOK,SUSPEK CAMPAK,20,ORANG,2021
391,32,JAWA BARAT,3277,KOTA CIMAHI,DIFTERI,0,ORANG,2021
392,32,JAWA BARAT,3277,KOTA CIMAHI,PERTUSIS,0,ORANG,2021
393,32,JAWA BARAT,3277,KOTA CIMAHI,TETANUS NEONATORUM,0,ORANG,2021
394,32,JAWA BARAT,3277,KOTA CIMAHI,HEPATITIS B,0,ORANG,2021
395,32,JAWA BARAT,3277,KOTA CIMAHI,SUSPEK CAMPAK,6,ORANG,2021
396,32,JAWA BARAT,3278,KOTA TASIKMALAYA,DIFTERI,0,ORANG,2021
397,32,JAWA BARAT,3278,KOTA TASIKMALAYA,PERTUSIS,0,ORANG,2021
398,32,JAWA BARAT,3278,KOTA TASIKMALAYA,TETANUS NEONATORUM,0,ORANG,2021
399,32,JAWA BARAT,3278,KOTA TASIKMALAYA,HEPATITIS B,0,ORANG,2021
400,32,JAWA BARAT,3278,KOTA TASIKMALAYA,SUSPEK CAMPAK,0,ORANG,2021
401,32,JAWA BARAT,3279,KOTA BANJAR,DIFTERI,0,ORANG,2021
402,32,JAWA BARAT,3279,KOTA BANJAR,PERTUSIS,0,ORANG,2021
403,32,JAWA BARAT,3279,KOTA BANJAR,TETANUS NEONATORUM,0,ORANG,2021
404,32,JAWA BARAT,3279,KOTA BANJAR,HEPATITIS B,0,ORANG,2021
405,32,JAWA BARAT,3279,KOTA BANJAR,SUSPEK CAMPAK,4,ORANG,2021
406,32,JAWA BARAT,3201,KABUPATEN BOGOR,DIFTERI,11,ORANG,2022
407,32,JAWA BARAT,3201,KABUPATEN BOGOR,PERTUSIS,9,ORANG,2022
408,32,JAWA BARAT,3201,KABUPATEN BOGOR,TETANUS NEONATORUM,5,ORANG,2022
409,32,JAWA BARAT,3201,KABUPATEN BOGOR,HEPATITIS B,0,ORANG,2022
410,32,JAWA BARAT,3201,KABUPATEN BOGOR,SUSPEK CAMPAK,262,ORANG,2022
411,32,JAWA BARAT,3202,KABUPATEN SUKABUMI,DIFTERI,15,ORANG,2022
412,32,JAWA BARAT,3202,KABUPATEN SUKABUMI,PERTUSIS,0,ORANG,2022
413,32,JAWA BARAT,3202,KABUPATEN SUKABUMI,TETANUS NEONATORUM,0,ORANG,2022
414,32,JAWA BARAT,3202,KABUPATEN SUKABUMI,HEPATITIS B,0,ORANG,2022
415,32,JAWA BARAT,3202,KABUPATEN SUKABUMI,SUSPEK CAMPAK,53,ORANG,2022
416,32,JAWA BARAT,3203,KABUPATEN CIANJUR,DIFTERI,0,ORANG,2022
417,32,JAWA BARAT,3203,KABUPATEN CIANJUR,PERTUSIS,3,ORANG,2022
418,32,JAWA BARAT,3203,KABUPATEN CIANJUR,TETANUS NEONATORUM,0,ORANG,2022
419,32,JAWA BARAT,3203,KABUPATEN CIANJUR,HEPATITIS B,0,ORANG,2022
420,32,JAWA BARAT,3203,KABUPATEN CIANJUR,SUSPEK CAMPAK,11,ORANG,2022
421,32,JAWA BARAT,3204,KABUPATEN BANDUNG,DIFTERI,0,ORANG,2022
422,32,JAWA BARAT,3204,KABUPATEN BANDUNG,PERTUSIS,0,ORANG,2022
423,32,JAWA BARAT,3204,KABUPATEN BANDUNG,TETANUS NEONATORUM,0,ORANG,2022
424,32,JAWA BARAT,3204,KABUPATEN BANDUNG,HEPATITIS B,0,ORANG,2022
425,32,JAWA BARAT,3204,KABUPATEN BANDUNG,SUSPEK CAMPAK,91,ORANG,2022
426,32,JAWA BARAT,3205,KABUPATEN GARUT,DIFTERI,2,ORANG,2022
427,32,JAWA BARAT,3205,KABUPATEN GARUT,PERTUSIS,5,ORANG,2022
428,32,JAWA BARAT,3205,KABUPATEN GARUT,TETANUS NEONATORUM,0,ORANG,2022
429,32,JAWA BARAT,3205,KABUPATEN GARUT,HEPATITIS B,0,ORANG,2022
430,32,JAWA BARAT,3205,KABUPATEN GARUT,SUSPEK CAMPAK,173,ORANG,2022
431,32,JAWA BARAT,3206,KABUPATEN TASIKMALAYA,DIFTERI,2,ORANG,2022
432,32,JAWA BARAT,3206,KABUPATEN TASIKMALAYA,PERTUSIS,0,ORANG,2022
433,32,JAWA BARAT,3206,KABUPATEN TASIKMALAYA,TETANUS NEONATORUM,0,ORANG,2022
434,32,JAWA BARAT,3206,KABUPATEN TASIKMALAYA,HEPATITIS B,0,ORANG,2022
435,32,JAWA BARAT,3206,KABUPATEN TASIKMALAYA,SUSPEK CAMPAK,32,ORANG,2022
436,32,JAWA BARAT,3207,KABUPATEN CIAMIS,DIFTERI,0,ORANG,2022
437,32,JAWA BARAT,3207,KABUPATEN CIAMIS,PERTUSIS,0,ORANG,2022
438,32,JAWA BARAT,3207,KABUPATEN CIAMIS,TETANUS NEONATORUM,0,ORANG,2022
439,32,JAWA BARAT,3207,KABUPATEN CIAMIS,HEPATITIS B,0,ORANG,2022
440,32,JAWA BARAT,3207,KABUPATEN CIAMIS,SUSPEK CAMPAK,44,ORANG,2022
441,32,JAWA BARAT,3208,KABUPATEN KUNINGAN,DIFTERI,0,ORANG,2022
442,32,JAWA BARAT,3208,KABUPATEN KUNINGAN,PERTUSIS,0,ORANG,2022
443,32,JAWA BARAT,3208,KABUPATEN KUNINGAN,TETANUS NEONATORUM,0,ORANG,2022
444,32,JAWA BARAT,3208,KABUPATEN KUNINGAN,HEPATITIS B,0,ORANG,2022
445,32,JAWA BARAT,3208,KABUPATEN KUNINGAN,SUSPEK CAMPAK,23,ORANG,2022
446,32,JAWA BARAT,3209,KABUPATEN CIREBON,DIFTERI,0,ORANG,2022
447,32,JAWA BARAT,3209,KABUPATEN CIREBON,PERTUSIS,0,ORANG,2022
448,32,JAWA BARAT,3209,KABUPATEN CIREBON,TETANUS NEONATORUM,0,ORANG,2022
449,32,JAWA BARAT,3209,KABUPATEN CIREBON,HEPATITIS B,0,ORANG,2022
450,32,JAWA BARAT,3209,KABUPATEN CIREBON,SUSPEK CAMPAK,244,ORANG,2022
451,32,JAWA BARAT,3210,KABUPATEN MAJALENGKA,DIFTERI,0,ORANG,2022
452,32,JAWA BARAT,3210,KABUPATEN MAJALENGKA,PERTUSIS,0,ORANG,2022
453,32,JAWA BARAT,3210,KABUPATEN MAJALENGKA,TETANUS NEONATORUM,0,ORANG,2022
454,32,JAWA BARAT,3210,KABUPATEN MAJALENGKA,HEPATITIS B,0,ORANG,2022
455,32,JAWA BARAT,3210,KABUPATEN MAJALENGKA,SUSPEK CAMPAK,31,ORANG,2022
456,32,JAWA BARAT,3211,KABUPATEN SUMEDANG,DIFTERI,1,ORANG,2022
457,32,JAWA BARAT,3211,KABUPATEN SUMEDANG,PERTUSIS,0,ORANG,2022
458,32,JAWA BARAT,3211,KABUPATEN SUMEDANG,TETANUS NEONATORUM,0,ORANG,2022
459,32,JAWA BARAT,3211,KABUPATEN SUMEDANG,HEPATITIS B,0,ORANG,2022
460,32,JAWA BARAT,3211,KABUPATEN SUMEDANG,SUSPEK CAMPAK,0,ORANG,2022
461,32,JAWA BARAT,3212,KABUPATEN INDRAMAYU,DIFTERI,0,ORANG,2022
462,32,JAWA BARAT,3212,KABUPATEN INDRAMAYU,PERTUSIS,0,ORANG,2022
463,32,JAWA BARAT,3212,KABUPATEN INDRAMAYU,TETANUS NEONATORUM,0,ORANG,2022
464,32,JAWA BARAT,3212,KABUPATEN INDRAMAYU,HEPATITIS B,0,ORANG,2022
465,32,JAWA BARAT,3212,KABUPATEN INDRAMAYU,SUSPEK CAMPAK,19,ORANG,2022
466,32,JAWA BARAT,3213,KABUPATEN SUBANG,DIFTERI,0,ORANG,2022
467,32,JAWA BARAT,3213,KABUPATEN SUBANG,PERTUSIS,0,ORANG,2022
468,32,JAWA BARAT,3213,KABUPATEN SUBANG,TETANUS NEONATORUM,0,ORANG,2022
469,32,JAWA BARAT,3213,KABUPATEN SUBANG,HEPATITIS B,0,ORANG,2022
470,32,JAWA BARAT,3213,KABUPATEN SUBANG,SUSPEK CAMPAK,21,ORANG,2022
471,32,JAWA BARAT,3214,KABUPATEN PURWAKARTA,DIFTERI,0,ORANG,2022
472,32,JAWA BARAT,3214,KABUPATEN PURWAKARTA,PERTUSIS,0,ORANG,2022
473,32,JAWA BARAT,3214,KABUPATEN PURWAKARTA,TETANUS NEONATORUM,0,ORANG,2022
474,32,JAWA BARAT,3214,KABUPATEN PURWAKARTA,HEPATITIS B,0,ORANG,2022
475,32,JAWA BARAT,3214,KABUPATEN PURWAKARTA,SUSPEK CAMPAK,0,ORANG,2022
476,32,JAWA BARAT,3215,KABUPATEN KARAWANG,DIFTERI,7,ORANG,2022
477,32,JAWA BARAT,3215,KABUPATEN KARAWANG,PERTUSIS,5,ORANG,2022
478,32,JAWA BARAT,3215,KABUPATEN KARAWANG,TETANUS NEONATORUM,0,ORANG,2022
479,32,JAWA BARAT,3215,KABUPATEN KARAWANG,HEPATITIS B,6,ORANG,2022
480,32,JAWA BARAT,3215,KABUPATEN KARAWANG,SUSPEK CAMPAK,47,ORANG,2022
481,32,JAWA BARAT,3216,KABUPATEN BEKASI,DIFTERI,8,ORANG,2022
482,32,JAWA BARAT,3216,KABUPATEN BEKASI,PERTUSIS,0,ORANG,2022
483,32,JAWA BARAT,3216,KABUPATEN BEKASI,TETANUS NEONATORUM,0,ORANG,2022
484,32,JAWA BARAT,3216,KABUPATEN BEKASI,HEPATITIS B,0,ORANG,2022
485,32,JAWA BARAT,3216,KABUPATEN BEKASI,SUSPEK CAMPAK,242,ORANG,2022
486,32,JAWA BARAT,3217,KABUPATEN BANDUNG BARAT,DIFTERI,1,ORANG,2022
487,32,JAWA BARAT,3217,KABUPATEN BANDUNG BARAT,PERTUSIS,0,ORANG,2022
488,32,JAWA BARAT,3217,KABUPATEN BANDUNG BARAT,TETANUS NEONATORUM,0,ORANG,2022
489,32,JAWA BARAT,3217,KABUPATEN BANDUNG BARAT,HEPATITIS B,0,ORANG,2022
490,32,JAWA BARAT,3217,KABUPATEN BANDUNG BARAT,SUSPEK CAMPAK,214,ORANG,2022
491,32,JAWA BARAT,3218,KABUPATEN PANGANDARAN,DIFTERI,0,ORANG,2022
492,32,JAWA BARAT,3218,KABUPATEN PANGANDARAN,PERTUSIS,0,ORANG,2022
493,32,JAWA BARAT,3218,KABUPATEN PANGANDARAN,TETANUS NEONATORUM,0,ORANG,2022
494,32,JAWA BARAT,3218,KABUPATEN PANGANDARAN,HEPATITIS B,0,ORANG,2022
495,32,JAWA BARAT,3218,KABUPATEN PANGANDARAN,SUSPEK CAMPAK,17,ORANG,2022
496,32,JAWA BARAT,3271,KOTA BOGOR,DIFTERI,5,ORANG,2022
497,32,JAWA BARAT,3271,KOTA BOGOR,PERTUSIS,6,ORANG,2022
498,32,JAWA BARAT,3271,KOTA BOGOR,TETANUS NEONATORUM,0,ORANG,2022
499,32,JAWA BARAT,3271,KOTA BOGOR,HEPATITIS B,77,ORANG,2022
500,32,JAWA BARAT,3271,KOTA BOGOR,SUSPEK CAMPAK,110,ORANG,2022
501,32,JAWA BARAT,3272,KOTA SUKABUMI,DIFTERI,3,ORANG,2022
502,32,JAWA BARAT,3272,KOTA SUKABUMI,PERTUSIS,0,ORANG,2022
503,32,JAWA BARAT,3272,KOTA SUKABUMI,TETANUS NEONATORUM,0,ORANG,2022
504,32,JAWA BARAT,3272,KOTA SUKABUMI,HEPATITIS B,30,ORANG,2022
505,32,JAWA BARAT,3272,KOTA SUKABUMI,SUSPEK CAMPAK,38,ORANG,2022
506,32,JAWA BARAT,3273,KOTA BANDUNG,DIFTERI,4,ORANG,2022
507,32,JAWA BARAT,3273,KOTA BANDUNG,PERTUSIS,0,ORANG,2022
508,32,JAWA BARAT,3273,KOTA BANDUNG,TETANUS NEONATORUM,0,ORANG,2022
509,32,JAWA BARAT,3273,KOTA BANDUNG,HEPATITIS B,0,ORANG,2022
510,32,JAWA BARAT,3273,KOTA BANDUNG,SUSPEK CAMPAK,74,ORANG,2022
511,32,JAWA BARAT,3274,KOTA CIREBON,DIFTERI,0,ORANG,2022
512,32,JAWA BARAT,3274,KOTA CIREBON,PERTUSIS,0,ORANG,2022
513,32,JAWA BARAT,3274,KOTA CIREBON,TETANUS NEONATORUM,0,ORANG,2022
514,32,JAWA BARAT,3274,KOTA CIREBON,HEPATITIS B,0,ORANG,2022
515,32,JAWA BARAT,3274,KOTA CIREBON,SUSPEK CAMPAK,67,ORANG,2022
516,32,JAWA BARAT,3275,KOTA BEKASI,DIFTERI,22,ORANG,2022
517,32,JAWA BARAT,3275,KOTA BEKASI,PERTUSIS,0,ORANG,2022
518,32,JAWA BARAT,3275,KOTA BEKASI,TETANUS NEONATORUM,0,ORANG,2022
519,32,JAWA BARAT,3275,KOTA BEKASI,HEPATITIS B,123,ORANG,2022
520,32,JAWA BARAT,3275,KOTA BEKASI,SUSPEK CAMPAK,111,ORANG,2022
521,32,JAWA BARAT,3276,KOTA DEPOK,DIFTERI,4,ORANG,2022
522,32,JAWA BARAT,3276,KOTA DEPOK,PERTUSIS,2,ORANG,2022
523,32,JAWA BARAT,3276,KOTA DEPOK,TETANUS NEONATORUM,0,ORANG,2022
524,32,JAWA BARAT,3276,KOTA DEPOK,HEPATITIS B,0,ORANG,2022
525,32,JAWA BARAT,3276,KOTA DEPOK,SUSPEK CAMPAK,48,ORANG,2022
526,32,JAWA BARAT,3277,KOTA CIMAHI,DIFTERI,2,ORANG,2022
527,32,JAWA BARAT,3277,KOTA CIMAHI,PERTUSIS,1,ORANG,2022
528,32,JAWA BARAT,3277,KOTA CIMAHI,TETANUS NEONATORUM,0,ORANG,2022
529,32,JAWA BARAT,3277,KOTA CIMAHI,HEPATITIS B,0,ORANG,2022
530,32,JAWA BARAT,3277,KOTA CIMAHI,SUSPEK CAMPAK,14,ORANG,2022
531,32,JAWA BARAT,3278,KOTA TASIKMALAYA,DIFTERI,0,ORANG,2022
532,32,JAWA BARAT,3278,KOTA TASIKMALAYA,PERTUSIS,0,ORANG,2022
533,32,JAWA BARAT,3278,KOTA TASIKMALAYA,TETANUS NEONATORUM,0,ORANG,2022
534,32,JAWA BARAT,3278,KOTA TASIKMALAYA,HEPATITIS B,0,ORANG,2022
535,32,JAWA BARAT,3278,KOTA TASIKMALAYA,SUSPEK CAMPAK,32,ORANG,2022
536,32,JAWA BARAT,3279,KOTA BANJAR,DIFTERI,0,ORANG,2022
537,32,JAWA BARAT,3279,KOTA BANJAR,PERTUSIS,0,ORANG,2022
538,32,JAWA BARAT,3279,KOTA BANJAR,TETANUS NEONATORUM,0,ORANG,2022
539,32,JAWA BARAT,3279,KOTA BANJAR,HEPATITIS B,0,ORANG,2022
540,32,JAWA BARAT,3279,KOTA BANJAR,SUSPEK CAMPAK,0,ORANG,2022
541,32,JAWA BARAT,3201,KABUPATEN BOGOR,DIFTERI,3,ORANG,2023
542,32,JAWA BARAT,3201,KABUPATEN BOGOR,PERTUSIS,0,ORANG,2023
543,32,JAWA BARAT,3201,KABUPATEN BOGOR,TETANUS NEONATORUM,0,ORANG,2023
544,32,JAWA BARAT,3201,KABUPATEN BOGOR,HEPATITIS B,0,ORANG,2023
545,32,JAWA BARAT,3201,KABUPATEN BOGOR,SUSPEK CAMPAK,476,ORANG,2023
546,32,JAWA BARAT,3202,KABUPATEN SUKABUMI,DIFTERI,9,ORANG,2023
547,32,JAWA BARAT,3202,KABUPATEN SUKABUMI,PERTUSIS,6,ORANG,2023
548,32,JAWA BARAT,3202,KABUPATEN SUKABUMI,TETANUS NEONATORUM,0,ORANG,2023
549,32,JAWA BARAT,3202,KABUPATEN SUKABUMI,HEPATITIS B,0,ORANG,2023
550,32,JAWA BARAT,3202,KABUPATEN SUKABUMI,SUSPEK CAMPAK,147,ORANG,2023
551,32,JAWA BARAT,3203,KABUPATEN CIANJUR,DIFTERI,1,ORANG,2023
552,32,JAWA BARAT,3203,KABUPATEN CIANJUR,PERTUSIS,0,ORANG,2023
553,32,JAWA BARAT,3203,KABUPATEN CIANJUR,TETANUS NEONATORUM,0,ORANG,2023
554,32,JAWA BARAT,3203,KABUPATEN CIANJUR,HEPATITIS B,0,ORANG,2023
555,32,JAWA BARAT,3203,KABUPATEN CIANJUR,SUSPEK CAMPAK,177,ORANG,2023
556,32,JAWA BARAT,3204,KABUPATEN BANDUNG,DIFTERI,0,ORANG,2023
557,32,JAWA BARAT,3204,KABUPATEN BANDUNG,PERTUSIS,1,ORANG,2023
558,32,JAWA BARAT,3204,KABUPATEN BANDUNG,TETANUS NEONATORUM,0,ORANG,2023
559,32,JAWA BARAT,3204,KABUPATEN BANDUNG,HEPATITIS B,0,ORANG,2023
560,32,JAWA BARAT,3204,KABUPATEN BANDUNG,SUSPEK CAMPAK,476,ORANG,2023
561,32,JAWA BARAT,3205,KABUPATEN GARUT,DIFTERI,27,ORANG,2023
562,32,JAWA BARAT,3205,KABUPATEN GARUT,PERTUSIS,80,ORANG,2023
563,32,JAWA BARAT,3205,KABUPATEN GARUT,TETANUS NEONATORUM,2,ORANG,2023
564,32,JAWA BARAT,3205,KABUPATEN GARUT,HEPATITIS B,0,ORANG,2023
565,32,JAWA BARAT,3205,KABUPATEN GARUT,SUSPEK CAMPAK,493,ORANG,2023
566,32,JAWA BARAT,3206,KABUPATEN TASIKMALAYA,DIFTERI,1,ORANG,2023
567,32,JAWA BARAT,3206,KABUPATEN TASIKMALAYA,PERTUSIS,0,ORANG,2023
568,32,JAWA BARAT,3206,KABUPATEN TASIKMALAYA,TETANUS NEONATORUM,0,ORANG,2023
569,32,JAWA BARAT,3206,KABUPATEN TASIKMALAYA,HEPATITIS B,0,ORANG,2023
570,32,JAWA BARAT,3206,KABUPATEN TASIKMALAYA,SUSPEK CAMPAK,198,ORANG,2023
571,32,JAWA BARAT,3207,KABUPATEN CIAMIS,DIFTERI,15,ORANG,2023
572,32,JAWA BARAT,3207,KABUPATEN CIAMIS,PERTUSIS,0,ORANG,2023
573,32,JAWA BARAT,3207,KABUPATEN CIAMIS,TETANUS NEONATORUM,0,ORANG,2023
574,32,JAWA BARAT,3207,KABUPATEN CIAMIS,HEPATITIS B,0,ORANG,2023
575,32,JAWA BARAT,3207,KABUPATEN CIAMIS,SUSPEK CAMPAK,165,ORANG,2023
576,32,JAWA BARAT,3208,KABUPATEN KUNINGAN,DIFTERI,2,ORANG,2023
577,32,JAWA BARAT,3208,KABUPATEN KUNINGAN,PERTUSIS,11,ORANG,2023
578,32,JAWA BARAT,3208,KABUPATEN KUNINGAN,TETANUS NEONATORUM,0,ORANG,2023
579,32,JAWA BARAT,3208,KABUPATEN KUNINGAN,HEPATITIS B,109,ORANG,2023
580,32,JAWA BARAT,3208,KABUPATEN KUNINGAN,SUSPEK CAMPAK,142,ORANG,2023
581,32,JAWA BARAT,3209,KABUPATEN CIREBON,DIFTERI,0,ORANG,2023
582,32,JAWA BARAT,3209,KABUPATEN CIREBON,PERTUSIS,0,ORANG,2023
583,32,JAWA BARAT,3209,KABUPATEN CIREBON,TETANUS NEONATORUM,0,ORANG,2023
584,32,JAWA BARAT,3209,KABUPATEN CIREBON,HEPATITIS B,0,ORANG,2023
585,32,JAWA BARAT,3209,KABUPATEN CIREBON,SUSPEK CAMPAK,1093,ORANG,2023
586,32,JAWA BARAT,3210,KABUPATEN MAJALENGKA,DIFTERI,0,ORANG,2023
587,32,JAWA BARAT,3210,KABUPATEN MAJALENGKA,PERTUSIS,8,ORANG,2023
588,32,JAWA BARAT,3210,KABUPATEN MAJALENGKA,TETANUS NEONATORUM,1,ORANG,2023
589,32,JAWA BARAT,3210,KABUPATEN MAJALENGKA,HEPATITIS B,0,ORANG,2023
590,32,JAWA BARAT,3210,KABUPATEN MAJALENGKA,SUSPEK CAMPAK,120,ORANG,2023
591,32,JAWA BARAT,3211,KABUPATEN SUMEDANG,DIFTERI,0,ORANG,2023
592,32,JAWA BARAT,3211,KABUPATEN SUMEDANG,PERTUSIS,0,ORANG,2023
593,32,JAWA BARAT,3211,KABUPATEN SUMEDANG,TETANUS NEONATORUM,0,ORANG,2023
594,32,JAWA BARAT,3211,KABUPATEN SUMEDANG,HEPATITIS B,0,ORANG,2023
595,32,JAWA BARAT,3211,KABUPATEN SUMEDANG,SUSPEK CAMPAK,70,ORANG,2023
596,32,JAWA BARAT,3212,KABUPATEN INDRAMAYU,DIFTERI,0,ORANG,2023
597,32,JAWA BARAT,3212,KABUPATEN INDRAMAYU,PERTUSIS,0,ORANG,2023
598,32,JAWA BARAT,3212,KABUPATEN INDRAMAYU,TETANUS NEONATORUM,0,ORANG,2023
599,32,JAWA BARAT,3212,KABUPATEN INDRAMAYU,HEPATITIS B,0,ORANG,2023
600,32,JAWA BARAT,3212,KABUPATEN INDRAMAYU,SUSPEK CAMPAK,414,ORANG,2023
601,32,JAWA BARAT,3213,KABUPATEN SUBANG,DIFTERI,1,ORANG,2023
602,32,JAWA BARAT,3213,KABUPATEN SUBANG,PERTUSIS,0,ORANG,2023
603,32,JAWA BARAT,3213,KABUPATEN SUBANG,TETANUS NEONATORUM,0,ORANG,2023
604,32,JAWA BARAT,3213,KABUPATEN SUBANG,HEPATITIS B,0,ORANG,2023
605,32,JAWA BARAT,3213,KABUPATEN SUBANG,SUSPEK CAMPAK,98,ORANG,2023
606,32,JAWA BARAT,3214,KABUPATEN PURWAKARTA,DIFTERI,0,ORANG,2023
607,32,JAWA BARAT,3214,KABUPATEN PURWAKARTA,PERTUSIS,0,ORANG,2023
608,32,JAWA BARAT,3214,KABUPATEN PURWAKARTA,TETANUS NEONATORUM,0,ORANG,2023
609,32,JAWA BARAT,3214,KABUPATEN PURWAKARTA,HEPATITIS B,0,ORANG,2023
610,32,JAWA BARAT,3214,KABUPATEN PURWAKARTA,SUSPEK CAMPAK,114,ORANG,2023
611,32,JAWA BARAT,3215,KABUPATEN KARAWANG,DIFTERI,2,ORANG,2023
612,32,JAWA BARAT,3215,KABUPATEN KARAWANG,PERTUSIS,9,ORANG,2023
613,32,JAWA BARAT,3215,KABUPATEN KARAWANG,TETANUS NEONATORUM,0,ORANG,2023
614,32,JAWA BARAT,3215,KABUPATEN KARAWANG,HEPATITIS B,0,ORANG,2023
615,32,JAWA BARAT,3215,KABUPATEN KARAWANG,SUSPEK CAMPAK,139,ORANG,2023
616,32,JAWA BARAT,3216,KABUPATEN BEKASI,DIFTERI,0,ORANG,2023
617,32,JAWA BARAT,3216,KABUPATEN BEKASI,PERTUSIS,3,ORANG,2023
618,32,JAWA BARAT,3216,KABUPATEN BEKASI,TETANUS NEONATORUM,0,ORANG,2023
619,32,JAWA BARAT,3216,KABUPATEN BEKASI,HEPATITIS B,0,ORANG,2023
620,32,JAWA BARAT,3216,KABUPATEN BEKASI,SUSPEK CAMPAK,196,ORANG,2023
621,32,JAWA BARAT,3217,KABUPATEN BANDUNG BARAT,DIFTERI,0,ORANG,2023
622,32,JAWA BARAT,3217,KABUPATEN BANDUNG BARAT,PERTUSIS,19,ORANG,2023
623,32,JAWA BARAT,3217,KABUPATEN BANDUNG BARAT,TETANUS NEONATORUM,0,ORANG,2023
624,32,JAWA BARAT,3217,KABUPATEN BANDUNG BARAT,HEPATITIS B,0,ORANG,2023
625,32,JAWA BARAT,3217,KABUPATEN BANDUNG BARAT,SUSPEK CAMPAK,345,ORANG,2023
626,32,JAWA BARAT,3218,KABUPATEN PANGANDARAN,DIFTERI,0,ORANG,2023
627,32,JAWA BARAT,3218,KABUPATEN PANGANDARAN,PERTUSIS,0,ORANG,2023
628,32,JAWA BARAT,3218,KABUPATEN PANGANDARAN,TETANUS NEONATORUM,0,ORANG,2023
629,32,JAWA BARAT,3218,KABUPATEN PANGANDARAN,HEPATITIS B,0,ORANG,2023
630,32,JAWA BARAT,3218,KABUPATEN PANGANDARAN,SUSPEK CAMPAK,45,ORANG,2023
631,32,JAWA BARAT,3271,KOTA BOGOR,DIFTERI,0,ORANG,2023
632,32,JAWA BARAT,3271,KOTA BOGOR,PERTUSIS,5,ORANG,2023
633,32,JAWA BARAT,3271,KOTA BOGOR,TETANUS NEONATORUM,2,ORANG,2023
634,32,JAWA BARAT,3271,KOTA BOGOR,HEPATITIS B,0,ORANG,2023
635,32,JAWA BARAT,3271,KOTA BOGOR,SUSPEK CAMPAK,656,ORANG,2023
636,32,JAWA BARAT,3272,KOTA SUKABUMI,DIFTERI,0,ORANG,2023
637,32,JAWA BARAT,3272,KOTA SUKABUMI,PERTUSIS,0,ORANG,2023
638,32,JAWA BARAT,3272,KOTA SUKABUMI,TETANUS NEONATORUM,0,ORANG,2023
639,32,JAWA BARAT,3272,KOTA SUKABUMI,HEPATITIS B,0,ORANG,2023
640,32,JAWA BARAT,3272,KOTA SUKABUMI,SUSPEK CAMPAK,352,ORANG,2023
641,32,JAWA BARAT,3273,KOTA BANDUNG,DIFTERI,1,ORANG,2023
642,32,JAWA BARAT,3273,KOTA BANDUNG,PERTUSIS,6,ORANG,2023
643,32,JAWA BARAT,3273,KOTA BANDUNG,TETANUS NEONATORUM,0,ORANG,2023
644,32,JAWA BARAT,3273,KOTA BANDUNG,HEPATITIS B,0,ORANG,2023
645,32,JAWA BARAT,3273,KOTA BANDUNG,SUSPEK CAMPAK,729,ORANG,2023
646,32,JAWA BARAT,3274,KOTA CIREBON,DIFTERI,0,ORANG,2023
647,32,JAWA BARAT,3274,KOTA CIREBON,PERTUSIS,0,ORANG,2023
648,32,JAWA BARAT,3274,KOTA CIREBON,TETANUS NEONATORUM,0,ORANG,2023
649,32,JAWA BARAT,3274,KOTA CIREBON,HEPATITIS B,0,ORANG,2023
650,32,JAWA BARAT,3274,KOTA CIREBON,SUSPEK CAMPAK,225,ORANG,2023
651,32,JAWA BARAT,3275,KOTA BEKASI,DIFTERI,1,ORANG,2023
652,32,JAWA BARAT,3275,KOTA BEKASI,PERTUSIS,4,ORANG,2023
653,32,JAWA BARAT,3275,KOTA BEKASI,TETANUS NEONATORUM,1,ORANG,2023
654,32,JAWA BARAT,3275,KOTA BEKASI,HEPATITIS B,285,ORANG,2023
655,32,JAWA BARAT,3275,KOTA BEKASI,SUSPEK CAMPAK,331,ORANG,2023
656,32,JAWA BARAT,3276,KOTA DEPOK,DIFTERI,9,ORANG,2023
657,32,JAWA BARAT,3276,KOTA DEPOK,PERTUSIS,10,ORANG,2023
658,32,JAWA BARAT,3276,KOTA DEPOK,TETANUS NEONATORUM,0,ORANG,2023
659,32,JAWA BARAT,3276,KOTA DEPOK,HEPATITIS B,0,ORANG,2023
660,32,JAWA BARAT,3276,KOTA DEPOK,SUSPEK CAMPAK,653,ORANG,2023
661,32,JAWA BARAT,3277,KOTA CIMAHI,DIFTERI,0,ORANG,2023
662,32,JAWA BARAT,3277,KOTA CIMAHI,PERTUSIS,0,ORANG,2023
663,32,JAWA BARAT,3277,KOTA CIMAHI,TETANUS NEONATORUM,0,ORANG,2023
664,32,JAWA BARAT,3277,KOTA CIMAHI,HEPATITIS B,0,ORANG,2023
665,32,JAWA BARAT,3277,KOTA CIMAHI,SUSPEK CAMPAK,147,ORANG,2023
666,32,JAWA BARAT,3278,KOTA TASIKMALAYA,DIFTERI,2,ORANG,2023
667,32,JAWA BARAT,3278,KOTA TASIKMALAYA,PERTUSIS,0,ORANG,2023
668,32,JAWA BARAT,3278,KOTA TASIKMALAYA,TETANUS NEONATORUM,0,ORANG,2023
669,32,JAWA BARAT,3278,KOTA TASIKMALAYA,HEPATITIS B,0,ORANG,2023
670,32,JAWA BARAT,3278,KOTA TASIKMALAYA,SUSPEK CAMPAK,352,ORANG,2023
671,32,JAWA BARAT,3279,KOTA BANJAR,DIFTERI,0,ORANG,2023
672,32,JAWA BARAT,3279,KOTA BANJAR,PERTUSIS,0,ORANG,2023
673,32,JAWA BARAT,3279,KOTA BANJAR,TETANUS NEONATORUM,0,ORANG,2023
674,32,JAWA BARAT,3279,KOTA BANJAR,HEPATITIS B,0,ORANG,2023
675,32,JAWA BARAT,3279,KOTA BANJAR,SUSPEK CAMPAK,15,ORANG,2023
